Incidents,Incidents_Norm,Borough
392,266.456401750999,BRONX
784,295.986327243843,BROOKLYN
520,312.363528674672,MANHATTAN
612,259.4779405592,QUEENS
123,256.539676050874,STATEN ISLAND
